,Names,Dates
0,01048818.jpeg,"esy 21, 2019"
1,0156b46f.jpeg,25/07/19
2,01a0cabb.jpeg,"Sep 29, 2018"
3,02acce30.jpeg,Oct06'16
4,02d54805.jpeg,5/29/2019
5,02f4068e.jpeg,3/Jul/2019
6,0308aae2.jpeg,No Date Found
7,0349ff40.jpeg,23-05-19
8,0358c6c3.jpeg,07/01/19
9,037ef967.jpeg,22/05/19
10,0406cfb1.jpeg,07/17/2019
11,04887bab.jpeg,07/02/2019
12,049c8dfd.jpeg,02-06-2015
13,049c8dfd.jpeg,01.48.28
14,04f988a3.jpeg,22/Jul/2019
15,04fa5e11.jpeg,07/22/2018
16,05f91a79.jpeg,06/07/2019
17,068ea6e6.jpeg,5/24/2019
18,0728f702.jpeg,4/15/16
19,077124e4.jpeg,20/07/2019
20,093304e6.jpeg,6/20/2019
21,0a0ebd53.jpeg,29-MAY-2019
22,0a8a955f.jpeg,22.05.2019
23,0b1664cb.jpeg,5/07/2019
24,0b1664cb.jpeg,05/07/2019
25,0c4672b4.jpeg,18/06/2019
26,0c60aa84.jpeg,28-Jun-2019
27,0cc46a10.jpeg,09/08/04
28,0cc46a10.jpeg,03/Jun/2019
29,0cdf6ec0.jpeg,"0124,47"
30,0cdf6ec0.jpeg,06/20/19
31,0daa6a1c.jpeg,04/13/19
32,0daa6a1c.jpeg,04/13/2019
33,0daa6a1c.jpeg,07/12/2019
34,0e0dd005.jpeg,07-Jun-2019
35,0eda160c.jpeg,6/28/2019
36,0efaa622.jpeg,30-04-2019
37,0efaa622.jpeg,30-04-2019
38,0efaa622.jpeg,30-04-2018
39,102dd660.jpeg,25-07-19
40,105e97c5.jpeg,3/10/2017
41,10e00c18.jpeg,06/08/2019
42,1171a5da.jpeg,14/07/2019
43,1191438d.jpeg,30-Jun-2018
44,121a7302.jpeg,06/27/19
45,13531d03.jpeg,06/25/2019
46,13b63796.jpeg,24-Nov-16
47,13dc4bd4.jpeg,21-05-20
48,148ebe90.jpeg,Jun 19' 19
49,150d4dde.jpeg,No Date Found
50,156e0f63.jpeg,5/19/2019
51,15bb95a8.jpeg,08-07-2019
52,15ce8549.jpeg,05-18-2019
53,16929bef.jpeg,5/22/2014
54,16929bef.jpeg,5/22/2014
55,18e9efcf.jpeg,Oct01'17
56,194fc04c.jpeg,08/22/2015
57,19aa65d3.jpeg,08/09/19
58,1a9c056c.jpeg,27-Jun-19
59,1ae93f0a.jpeg,29-07-2019
60,1afb9648.jpeg,22/05/19
61,1b0a9723.jpeg,19/01/19
62,1cd9dfed.jpeg,"Jun 1, 2019"
63,1d900ca2.jpeg,09-Jul-19
64,1d900ca2.jpeg,09-Jul-19
65,1e288e8c.jpeg,07-06-19
66,1e3d07aa.jpeg,No Date Found
67,1ed34833.jpeg,No Date Found
68,1f2e0222.jpeg,10-20-2018
69,1f6a12e7.jpeg,17-Feb-2018
70,1f880ba4.jpeg,24/06/19
71,1f9bdf4a.jpeg,06/06/19
72,1f9bdf4a.jpeg,06/06/19
73,20888b5e.jpeg,No Date Found
74,208e94bb.jpeg,06/01/19
75,20aaa16a.jpeg,"92525,23"
76,20aaa16a.jpeg,"16768,23"
77,20aaa16a.jpeg,"16869,95"
78,20aaa16a.jpeg,06/07/19
79,212ab88f.jpeg,19-07-04
80,212ab88f.jpeg,19-07-04
81,21e9cc19.jpeg,17/08/2018
82,223eba39.jpeg,Jun01'19
83,24847223.jpeg,06/26/2019
84,25635faa.jpeg,No Date Found
85,2590a66d.jpeg,14/06/2019
86,25ee2c0d.jpeg,06/25/2019
87,25f999dc.jpeg,19-06-19
88,265001bf.jpeg,11/07/2019
89,265001bf.jpeg,11/07/19
90,26738bde.jpeg,04-08-2019
91,268027de.jpeg,07/01/19
92,26ab5ac7.jpeg,24-25-26
93,28fe14e7.jpeg,No Date Found
94,2ad1b322.jpeg,06/29/2019
95,2b4713c8.jpeg,No Date Found
96,2b577c41.jpeg,02-Mar-2019
97,2b931f74.jpeg,Mar18'18
98,2bbb8522.jpeg,24-07-19
99,2bdd2396.jpeg,No Date Found
100,2c500858.jpeg,5/26/2016
101,2c942f50.jpeg,06/29/19
102,2d27a624.jpeg,21/06/2010
103,2de48561.jpeg,17/05/2019
104,2e12ae7f.jpeg,07/01/19
105,2edff68d.jpeg,81/19/10
106,2edff68d.jpeg,6/15/2019
107,2ef79975.jpeg,13-06-2019
108,2f36db66.jpeg,30-Aug-2019
109,2fdd6a08.jpeg,06/04/19
110,30501b83.jpeg,04/25/15
111,3055743f.jpeg,07/02/2019
112,3055743f.jpeg,07/02/2019
113,316b49e7.jpeg,15/06/2019
114,316d4f06.jpeg,No Date Found
115,31761796.jpeg,02-Jul-19
116,31761796.jpeg,03-Jul-19
117,317fb684.jpeg,12/2/2017
118,318663fa.jpeg,07/18/2019
119,31ad980e.jpeg,14-06-2019
120,32b4d880.jpeg,No Date Found
121,32d10504.jpeg,07/08/2019
122,32d10504.jpeg,07-2-7211
123,332c05ec.jpeg,No Date Found
124,3331e5f3.jpeg,03/05/17
125,33fba310.jpeg,06/08/19
126,349c23ef.jpeg,09-May-2017
127,3519f28b.jpeg,Aug30'14
128,3530e6d1.jpeg,25/07/19
129,36285989.jpeg,No Date Found
130,365c3104.jpeg,10-06-19
131,36e4ad81.jpeg,07-15-19
132,36e4ad81.jpeg,07/15/19
133,37176928.jpeg,12-JUL-2019
134,375f34a9.jpeg,29/06/2019
135,376101f2.jpeg,No Date Found
136,379efbfc.jpeg,No Date Found
137,38863cee.jpeg,18/04/2019
138,38d9d542.jpeg,06/09/19
139,39e7c62a.jpeg,9/23/2017
140,3bce4b60.jpeg,6/27/2019
141,3bf18630.jpeg,"une 16, 2019"
142,3bfa05ad.jpeg,09/25/18
143,3c73f675.jpeg,23/05/2019
144,3c73f675.jpeg,23/05/2019
145,3cdec471.jpeg,No Date Found
146,3d06f10e.jpeg,83/25/19
147,3deff9fb.jpeg,31/05/19
148,3e2e8c09.jpeg,07/10/2019
149,3e3a4f77.jpeg,06/04/2019
150,3e4e3b6a.jpeg,07/22/2019
151,3e8b3fad.jpeg,07/08/19
152,3f2f44eb.jpeg,06/11/19
153,406d482f.jpeg,4/20/2018
154,40e86c08.jpeg,04/05/2019
155,4175425f.jpeg,05/06/2019
156,4175425f.jpeg,05/06/2019
157,417dc9c8.jpeg,02/02/19
158,41879403.jpeg,6/26/2019
159,42a54355.jpeg,No Date Found
160,42c85ea9.jpeg,4/10/16
161,43d4608f.jpeg,03/05/2019
162,43d7cd10.jpeg,7/10/2017
163,43edeb2e.jpeg,7/30/19
164,44373191.jpeg,14/05/19
165,44373191.jpeg,13/05/19
166,44373191.jpeg,14/05/19
167,44373191.jpeg,13/05/19
168,459b00d4.jpeg,8/24/2017
169,46ca4063.jpeg,09/07/19
170,4754f9e3.jpeg,06/30/19
171,4883a482.jpeg,03/09/19
172,4934b499.jpeg,06/02/2019
173,4982922a.jpeg,28/03/2019
174,4a9af216.jpeg,06/03/2019
175,4abb6285.jpeg,07/15/2016
176,4af6d4a7.jpeg,15/06/2019
177,4b1911d2.jpeg,05-11-2018
178,4b494298.jpeg,"Aug 18, 2018"
179,4b8cfbf2.jpeg,No Date Found
180,4bdd80e2.jpeg,25-07-2019
181,4bdd80e2.jpeg,25-07-2019
182,4d207768.jpeg,No Date Found
183,4d79fcf2.jpeg,05/07/2019
184,4da45cc9.jpeg,06/02/15
185,4dddf1eb.jpeg,06/87/2019
186,4e4b0d9c.jpeg,6/05/19
187,4e7babf5.jpeg,04/Jul/2019
188,4e7babf5.jpeg,05/Jul/2019
189,4ec4559a.jpeg,23-07-19
190,4f58927d.jpeg,05/11/18
191,4f692e69.jpeg,11-07-19
192,4f692e69.jpeg,"n205,00"
193,4fa1fc56.jpeg,09/25/18
194,4fdb8f6a.jpeg,05/16/19
195,4fdb8f6a.jpeg,05/16/19
196,4fef1c7e.jpeg,10-07-2019
197,513a9167.jpeg,7/18/19
198,5142a222.jpeg,Jun04'19
199,522b71b7.jpeg,6/02/2018
200,52b8d251.jpeg,6/23/2019
201,52df6216.jpeg,03/07/2019
202,53c03235.jpeg,No Date Found
203,551883ef.jpeg,6/16/2017
204,55291d91.jpeg,12-Jun-2019
205,557dc266.jpeg,28/06/2019
206,558a9aa9.jpeg,5/25/2017
207,558a9aa9.jpeg,12/31/2017
208,55b59146.jpeg,06/27/2019
209,55b59146.jpeg,09/25/19
210,5753d0c6.jpeg,02/07/2019
211,5778a323.jpeg,17-05-19
212,57c169de.jpeg,06/Jul/2019
213,57c7c0a6.jpeg,02-06-2015
214,57c7c0a6.jpeg,01.48.28
215,58133e04.jpeg,6/3/2019
216,5afb1261.jpeg,14/06/2019
217,5b0d6748.jpeg,02/22/19
218,5b6ee5a0.jpeg,12/29/2017
219,5bb556be.jpeg,No Date Found
220,5bd0d02d.jpeg,6/5/17
221,5c2b38f0.jpeg,18-07-2019
222,5c670322.jpeg,06/16/2019
223,5c79316b.jpeg,07/01/19
224,5ca33654.jpeg,26/04/19
225,5cb08cab.jpeg,19-06-28
226,5d069db5.jpeg,12/07/2019
227,5d63f1a2.jpeg,07/16/19
228,5d80cb45.jpeg,16/07/2019
229,5dca8c72.jpeg,No Date Found
230,5e43dac3.jpeg,No Date Found
231,5f2e42d9.jpeg,23/07/2019
232,5fb7995c.jpeg,24/06/2019
233,5ff14463.jpeg,07/25/2019
234,603fdc0f.jpeg,18-06-19
235,618ce259.jpeg,4/20/2019
236,62611b46.jpeg,"Jan 25, 2018"
237,62b3d78b.jpeg,No Date Found
238,62f15742.jpeg,07/03/2015
239,637456ba.jpeg,16/04/19
240,63debea1.jpeg,01-27-2018
241,643fab2f.jpeg,29-06-2019
242,648a919d.jpeg,19-07-19
243,64bee512.jpeg,07-15-2019
244,64d55742.jpeg,5/3/19
245,651f5503.jpeg,Dec26'12
246,65f3d160.jpeg,06/05/2019
247,66e32579.jpeg,7/26/2019
248,67784f13.jpeg,28/06/2019
249,6878de95.jpeg,08/02/2019
250,68c1c1de.jpeg,No Date Found
251,69095b91.jpeg,01/06/19
252,693a7582.jpeg,No Date Found
253,699f83d9.jpeg,No Date Found
254,6a42604c.jpeg,16-07-08
255,6a6e2a14.jpeg,19-Mar-2019
256,6bab0d7d.jpeg,06/17/2019
257,6bab0d7d.jpeg,06/17/2019
258,6bba9c45.jpeg,07/18/19
259,6bba9c45.jpeg,07/18/2019
260,6bba9c45.jpeg,10/16/2019
261,6c447c78.jpeg,06/24/2018
262,6cb2b839.jpeg,9/1/2016
263,6d53e280.jpeg,No Date Found
264,6dbdd84b.jpeg,19-06-08
265,6dbdd84b.jpeg,19-06-08
266,6e5b73db.jpeg,09-Jun-2019
267,6e5b73db.jpeg,09-Jun-2019
268,6e6c8022.jpeg,06/20/2019
269,6eef3a7f.jpeg,Sep28'18
270,6f542182.jpeg,18-07-2019
271,704f4322.jpeg,09/10/17
272,70b0dba1.jpeg,06-10-19
273,70edf5c1.jpeg,12/20/17
274,710e2d39.jpeg,04/13/18
275,71548d28.jpeg,17/07/19
276,715d59e4.jpeg,07/02/18
277,718914cd.jpeg,26/Jun/2019
278,7276fcd8.jpeg,04-Nov-2018
279,72b3b552.jpeg,21/06/2019
280,72edc0a9.jpeg,9/6/2018
281,73223a9f.jpeg,5/3/19
282,73313aba.jpeg,1/4/2006
283,73313aba.jpeg,14/06/19
284,73313aba.jpeg,ume 4. 36
285,7383041e.jpeg,06/06/2019
286,7383041e.jpeg,07/06/19
287,74346a8f.jpeg,05/08/19
288,745b1998.jpeg,17/05/19
289,74c2c549.jpeg,5/19/2019
290,7501533b.jpeg,05/18/2019
291,752bb04a.jpeg,No Date Found
292,75351233.jpeg,6/2/2019
293,758414d5.jpeg,05-07-19
294,75b7ef34.jpeg,6/4/2019
295,75b7ef34.jpeg,06/04/2019
296,774194f1.jpeg,07/10/19
297,7757f74b.jpeg,18-05-2015
298,78bce3b1.jpeg,No Date Found
299,792e12f9.jpeg,24/06/19
300,7ab07a7e.jpeg,No Date Found
301,7b987291.jpeg,9-2-2019
302,7ba45680.jpeg,11/18/17
303,7c391a3a.jpeg,19-Apr-2019
304,7c9e38ba.jpeg,05/05/2019
305,7d3d33d3.jpeg,02-06-2015
306,7d3d33d3.jpeg,01.48.28
307,7e60a259.jpeg,29/05/2019
308,7e979c6c.jpeg,03/10/2018
309,7eb86b39.jpeg,No Date Found
310,7ecbd11f.jpeg,3/17/17
311,7f892b9b.jpeg,06/14/2017
312,80247cd7.jpeg,No Date Found
313,804c5522.jpeg,No Date Found
314,80b2a0d5.jpeg,06/23/2019
315,80b2a0d5.jpeg,06/23/2019
316,80da81d4.jpeg,06/25/2019
317,8185e1b8.jpeg,28/06/2019
318,81c972d3.jpeg,2/19/19
319,826bb4b1.jpeg,27/06/19
320,8290ec25.jpeg,11/01/2018
321,82953a03.jpeg,"une 23, 2019"
322,82aed0de.jpeg,No Date Found
323,83c9db9a.jpeg,7/19/2019
324,83c9db9a.jpeg,07/19/2019
325,8457a646.jpeg,13-Jul-2018
326,84dce936.jpeg,05/16/2019
327,8558b94e.jpeg,29-06-20
328,8600390d.jpeg,06/27/19
329,8633fc48.jpeg,01/13/2012
330,8651523e.jpeg,01/06/19
331,86c91cbd.jpeg,12-04-27
332,86c91cbd.jpeg,12-04-27
333,86c91cbd.jpeg,12-04-27
334,86ed0984.jpeg,22/Jun/2019
335,88382c50.jpeg,16-07-19
336,88c4cc0c.jpeg,No Date Found
337,88e28b23.jpeg,18-07-2019
338,8930e861.jpeg,03/18/2037
339,8939f524.jpeg,9/27/2017
340,89648cb6.jpeg,07/10/19
341,899d661a.jpeg,06/15/2019
342,89d9667c.jpeg,21/06/2019
343,89f3c36a.jpeg,18-06-2019
344,8a07a435.jpeg,6/19/2019
345,8ae1cfcd.jpeg,26/06/2017
346,8ae1cfcd.jpeg,29/06/2019
347,8b916b49.jpeg,06/20/2019
348,8c015834.jpeg,13/07/2019
349,8c015834.jpeg,73/01/03
350,8d93ed14.jpeg,26-07-19
351,8dc11f3b.jpeg,19-07-26
352,8e16764a.jpeg,06/07/2019
353,8e5b620a.jpeg,3/16/2013
354,8e5f8da4.jpeg,Jan21'17
355,8e7a99a9.jpeg,05/03/19
356,8f51d477.jpeg,06/13/2019
357,904efee7.jpeg,23/05/19
358,90733c0d.jpeg,07/19/2019
359,9081eb41.jpeg,No Date Found
360,912ad2e1.jpeg,15/05/2019
361,912ad2e1.jpeg,15/05/2019
362,912ad2e1.jpeg,17/08/2018
363,912ad2e1.jpeg,05/12/2020
364,91b2f85d.jpeg,06/03/2019
365,9219d71b.jpeg,07-19-2019
366,9347d5f7.jpeg,12/07/2016
367,939492cb.jpeg,"ril 10, 2019"
368,942e9fb6.jpeg,6/18/19
369,946898a1.jpeg,No Date Found
370,94c84d39.jpeg,02/18/17
371,956be7eb.jpeg,06/11/2019
372,9585fb50.jpeg,19-07-2019
373,95ec3eab.jpeg,03/17/19
374,96844b6d.jpeg,15/06/2019
375,96a5541a.jpeg,09/08/2017
376,96ccf006.jpeg,4/24/2016
377,96de25e8.jpeg,No Date Found
378,96e270fd.jpeg,19-Jun-2019
379,96e270fd.jpeg,29-12-2020
380,97802ad1.jpeg,2/09/19
381,97ae705c.jpeg,02/23/19
382,982b02cf.jpeg,07/23/19
383,988159af.jpeg,13-Jul-2019
384,991302fd.jpeg,06.07.2017
385,9966a3ad.jpeg,07/24/2019
386,9966a3ad.jpeg,07/24/2019
387,996ad591.jpeg,No Date Found
388,997ba80b.jpeg,06/10/2018
389,9a137cc9.jpeg,21/07/2019
390,9a8e24a1.jpeg,No Date Found
391,9aca41c9.jpeg,5/1/2019
392,9aca41c9.jpeg,5/1/2019
393,9ade947c.jpeg,No Date Found
394,9ae2c1aa.jpeg,7/11/2019
395,9ae2c1aa.jpeg,7/11/2019
396,9aff01ec.jpeg,01-MAY-2019
397,9b79f888.jpeg,06/05/2019
398,9bf563ad.jpeg,No Date Found
399,9d042023.jpeg,26/05/2019
400,9d042023.jpeg,26/05/2019
401,9d042023.jpeg,26/05/2019
402,9d135554.jpeg,No Date Found
403,9d315c3b.jpeg,Jun19'19
404,9dacc253.jpeg,6/26/2019
405,9df19b67.jpeg,16-Jul-2019
406,9f100f6a.jpeg,19-05-20
407,9f6518d2.jpeg,"Feb 24, 2019"
408,9f6518d2.jpeg,"Feb 24, 2019"
409,9f7dd143.jpeg,29-12-18
410,9fbebaaf.jpeg,04/10/16
411,9fc011f7.jpeg,06/17/2019
412,a1468725.jpeg,03/25/2019
413,a17d8c2f.jpeg,19-06-19
414,a18a7997.jpeg,"Jan 28, 2018"
415,a190549c.jpeg,21-Dec-2014
416,a1cdfdde.jpeg,06/06/19
417,a1e35140.jpeg,06/16/19
418,a1ea8555.jpeg,28/06/2019
419,a26adf55.jpeg,22/05/2019
420,a26adf55.jpeg,22/05/2019
421,a26adf55.jpeg,23/05/2019
422,a2ce1b5e.jpeg,03/12/19
423,a34336fd.jpeg,17/07/2019
424,a3dbcdaa.jpeg,No Date Found
425,a3dd3ffb.jpeg,19/07/19
426,a44f4dd1.jpeg,20/06/2019
427,a47ae875.jpeg,5/12/2017
428,a4aee2d5.jpeg,27-Apr-2017
429,a55acac4.jpeg,05-31-2019
430,a5952274.jpeg,07/11/2019
431,a5b617de.jpeg,No Date Found
432,a7001ecc.jpeg,12/8/2017
433,a72f96ca.jpeg,19/07/3778
434,a72f96ca.jpeg,12/07/2019
435,a8c6b02c.jpeg,06/04/2016
436,a8d87938.jpeg,07/05/19
437,a8f7689b.jpeg,19-Jul-19
438,a9800e10.jpeg,07-JUN-2019
439,aa33ae61.jpeg,6/16/19
440,aa3640e5.jpeg,05-07-2019
441,aba42498.jpeg,01/07/17
442,abcc056f.jpeg,22/06/2019
443,abd76c4b.jpeg,No Date Found
444,abf51544.jpeg,"UST 13, 2017"
445,ac676281.jpeg,11/07/2019
446,ad2814be.jpeg,No Date Found
447,ad742eb5.jpeg,No Date Found
448,adc1b1d1.jpeg,6/2/2019
449,ae906bad.jpeg,02/11/19
450,ae94e526.jpeg,06/12/2019
451,ae94e526.jpeg,06/12/2019
452,aeb91209.jpeg,No Date Found
453,afa578d9.jpeg,11/6/2013
454,aff8e5ab.jpeg,1/23/18
455,b0511c9e.jpeg,07/16/2019
456,b06a246f.jpeg,2/13/2018
457,b0ba1d29.jpeg,No Date Found
458,b0d5d8c5.jpeg,13-08-10
459,b0d5d8c5.jpeg,13-08-10
460,b199704c.jpeg,No Date Found
461,b1c64bac.jpeg,04/23/2019
462,b21bee63.jpeg,13/06/19
463,b22e3c57.jpeg,06/06/19
464,b2802844.jpeg,19/07/2019
465,b30773b0.jpeg,"91573,29"
466,b30773b0.jpeg,25/06/2019
467,b31b7fba.jpeg,03/14/2015
468,b3ed8ea1.jpeg,6/20/2019
469,b517f1ae.jpeg,No Date Found
470,b55eba8a.jpeg,05/21/12
471,b57a5255.jpeg,04/07/2019
472,b5e8f967.jpeg,5/3/19
473,b666ee43.jpeg,No Date Found
474,b7c49556.jpeg,07/03/19
475,b8c01c17.jpeg,7/2/2019
476,b8c35020.jpeg,No Date Found
477,b8cc912d.jpeg,01-07-2019
478,b9130266.jpeg,"53851,47"
479,b9130266.jpeg,17/04/19
480,bac3fe9e.jpeg,No Date Found
481,badf0c6e.jpeg,06/26/2019
482,bb958b7f.jpeg,18/07/2019
483,bb958b7f.jpeg,19-07-18
484,bbe8febc.jpeg,15/06/19
485,bd30660c.jpeg,12/17/2017
486,bdc0019f.jpeg,Jul05'17
487,bdc0019f.jpeg,7-5-17
488,be838c96.jpeg,05/27/19
489,be838c96.jpeg,05/27/2019
490,be838c96.jpeg,08/25/2019
491,beeb9566.jpeg,06/10/19
492,bf0ce2ba.jpeg,06/20/19
493,c19fc15f.jpeg,06/13/17
494,c1c6a9fa.jpeg,12/28/18
495,c2195ac8.jpeg,08/03/18
496,c22e84bf.jpeg,06/07/2019
497,c22e84bf.jpeg,06/07/2019
498,c2c2d4ba.jpeg,5/4/2017
499,c43f882f.jpeg,23/06/19
500,c4580395.jpeg,6/15/2019
501,c478b53b.jpeg,07/13/19
502,c4c67f2e.jpeg,20-05-19
503,c5264903.jpeg,11/10/18
504,c532025f.jpeg,06/30/19
505,c660b2f7.jpeg,No Date Found
506,c69d5a43.jpeg,"45626,24"
507,c69d5a43.jpeg,07/06/19
508,c6b7675c.jpeg,07/83/19
509,c6f12b50.jpeg,10/05/19
510,c70f7dac.jpeg,6/3/2019
511,c7323e60.jpeg,"n1299,97"
512,c7643735.jpeg,No Date Found
513,c78931cf.jpeg,07/02/19
514,c87ae05e.jpeg,20/07/2019
515,c89a5476.jpeg,No Date Found
516,c89d1fc8.jpeg,25-Jul-2019
517,c8d5b927.jpeg,No Date Found
518,c99a6da9.jpeg,30/06/2019
519,c99a6da9.jpeg,30/06/2019
520,c9afb011.jpeg,No Date Found
521,c9c0da83.jpeg,17/06/2019
522,c9d17f5f.jpeg,4/20/2017
523,c9d17f5f.jpeg,4/20/2017
524,c9e60c74.jpeg,11-24-2017
525,ca7a837e.jpeg,06/06/19
526,cb4b0752.jpeg,No Date Found
527,cbd9ab5e.jpeg,5-9-06
528,cbd9ab5e.jpeg,12/Jul/2019
529,cc3853bf.jpeg,07/25/2019
530,cc3853bf.jpeg,07/25/2019
531,ccd6f8f5.jpeg,6/1/19
532,cce28d60.jpeg,19-06-14
533,cd2e80f2.jpeg,12/19/2016
534,cdac31b4.jpeg,3-4-19
535,ce4ec734.jpeg,01/12/19
536,cec4ecc5.jpeg,"ber 29, 2018"
537,cec9988c.jpeg,08/15/2017
538,cf332c79.jpeg,17/05/2019
539,cf332c79.jpeg,18/05/2019
540,cf78f2b0.jpeg,10/5/83
541,cf7b1404.jpeg,06/03/19
542,cf964a62.jpeg,10/29/2018
543,d022521e.jpeg,31/05/2019
544,d022521e.jpeg,29/05/2019
545,d022521e.jpeg,31/05/2019
546,d022521e.jpeg,11.0.00
547,d022521e.jpeg,30/05/2019
548,d022521e.jpeg,0/05/2019
549,d022521e.jpeg,30/05/2019
550,d022521e.jpeg,30/05/2019
551,d022521e.jpeg,30/05/2019
552,d022521e.jpeg,31/05/2019
553,d022521e.jpeg,31/05/2019
554,d02db5bc.jpeg,06/17/19
555,d044bade.jpeg,No Date Found
556,d079725c.jpeg,24-06-19
557,d119364e.jpeg,6/5/2019
558,d119364e.jpeg,06/05/2019
559,d1512e12.jpeg,06/10/2019
560,d1796a85.jpeg,07/09/19
561,d1a20345.jpeg,03-12-2016
562,d1c36f6e.jpeg,03/01/2019
563,d21be23d.jpeg,11/01/19
564,d2373192.jpeg,05/02/2019
565,d2373192.jpeg,05/02/2019
566,d24165d5.jpeg,No Date Found
567,d2aaea28.jpeg,03/22/13
568,d310bd8c.jpeg,28/06/19
569,d330054e.jpeg,"0124,47"
570,d330054e.jpeg,28-05-19
571,d37231f3.jpeg,06/10/19
572,d37231f3.jpeg,01/01/19
573,d388a1e0.jpeg,3/22/2014
574,d3df924c.jpeg,No Date Found
575,d406bbbf.jpeg,06/26/2019
576,d426211c.jpeg,06/17/20
577,d464ba5d.jpeg,27/05/2019
578,d464ba5d.jpeg,27/05/2019
579,d48e2bc0.jpeg,"Jan 24, 2019"
580,d50224be.jpeg,08/12/19
581,d543411c.jpeg,09/24/2016
582,d5beec92.jpeg,No Date Found
583,d65531e1.jpeg,02/12/2016
584,d717748c.jpeg,06/06/19
585,d7ddc370.jpeg,03/13/19
586,d8601222.jpeg,12-07-19
587,da0978f5.jpeg,10/25/2017
588,da0978f5.jpeg,10/25/2017
589,da1bf674.jpeg,04/24/2018
590,da2bf0dd.jpeg,06/03/2019
591,da5e3696.jpeg,12/29/2017
592,da5e3696.jpeg,12/29/2017
593,db0ced42.jpeg,No Date Found
594,db5b86d1.jpeg,"Jul 1, 2019"
595,db5b86d1.jpeg,"Jul 1, 2019"
596,dbc70af6.jpeg,06/26/2019
597,dbc70af6.jpeg,95-2-2044
598,dcd20d5a.jpeg,01/12/19
599,ddddaf89.jpeg,06/01/2019
600,de279295.jpeg,06/24/19
601,de58dc3f.jpeg,09/15/2018
602,de847c7f.jpeg,"Dec 05, 05"
603,deda5875.jpeg,08/21/17
604,deedf037.jpeg,01-01-2000
605,df00dff6.jpeg,07/16/2019
606,df06b272.jpeg,No Date Found
607,df51a6f0.jpeg,17/07/19
608,dfed1676.jpeg,06/27/2019
609,e093c331.jpeg,23/06/2019
610,e1363e44.jpeg,05/07/19
611,e145bcc7.jpeg,7/21/2018
612,e1540843.jpeg,No Date Found
613,e16297a7.jpeg,03/08/2015
614,e2080a18.jpeg,06/01/19
615,e226408d.jpeg,22-06-2019
616,e29e4aac.jpeg,08/07/19
617,e2ab7e79.jpeg,"Apr 01, 2019"
618,e2ab7e79.jpeg,"Apr 01, 2019"
619,e2ce8f5a.jpeg,7/1/2018
620,e2ce8f5a.jpeg,7/1/2018
621,e39a91cc.jpeg,27-Jun-2019
622,e3a528ad.jpeg,"Jun 26, 15"
623,e3cdeead.jpeg,05/13/19
624,e3cdeead.jpeg,05/13/19
625,e4413fe0.jpeg,02/07/2019
626,e50fe5f9.jpeg,05/04/19
627,e50fe5f9.jpeg,05/04/19
628,e5235e8c.jpeg,No Date Found
629,e5560cf1.jpeg,5/15/2019
630,e5560cf1.jpeg,05/15/2010
631,e562fd32.jpeg,05/28/2019
632,e59fe62f.jpeg,24/Jun/2019
633,e59fe62f.jpeg,25/Jun/2019
634,e6afefba.jpeg,06/06/2019
635,e6b0240b.jpeg,6/3/2019
636,e7205cbe.jpeg,6/24/2018
637,e737307f.jpeg,26/06/19
638,e756ff2c.jpeg,07/12/19
639,e7a6f8bd.jpeg,13-07-19
640,e802d4e2.jpeg,27-Jun-19
641,e890664c.jpeg,No Date Found
642,e8dfe984.jpeg,18/06/19
643,e968011e.jpeg,No Date Found
644,e9a07f75.jpeg,16/07/19
645,eb1818b7.jpeg,17-Jun-2019
646,eb3698c6.jpeg,No Date Found
647,ec07892e.jpeg,06/02/2019
648,ec07892e.jpeg,06/02/2019
649,ec1853b1.jpeg,07/21/2018
650,ec5f70cb.jpeg,Apr07'16
651,ec8f6e40.jpeg,12/22/2017
652,ecb4f350.jpeg,12/31/2018
653,ed731156.jpeg,12/28/2017
654,ee13198f.jpeg,07/08/19
655,eea737a6.jpeg,25/07/19
656,eed281d7.jpeg,06/10/17
657,f0f599e0.jpeg,17-06-2019
658,f119f71a.jpeg,8/30/2015
659,f16efae4.jpeg,29-6-2019
660,f23085d1.jpeg,02/28/19
661,f29424af.jpeg,No Date Found
662,f2c1e641.jpeg,12-03-19
663,f2c1e641.jpeg,"13333,23"
664,f2de425f.jpeg,21-May-19
665,f2e9be84.jpeg,22/05/2019
666,f36b6c9d.jpeg,10/25/2018
667,f41ce8c7.jpeg,06/05/2019
668,f484b2e9.jpeg,06/24/19
669,f74ffded.jpeg,06/11/19
670,f78e114d.jpeg,No Date Found
671,f85a0139.jpeg,28-08-2018
672,f8d4578f.jpeg,No Date Found
673,f9034671.jpeg,06/17/2019
674,f92fcd42.jpeg,01-JUL-2017
675,f92fcd42.jpeg,21-May-2019
676,f963b6ca.jpeg,5/6/2019
677,f980a8bc.jpeg,29/05/2019
678,f9aa53c2.jpeg,07/28/18
679,faaf2ba1.jpeg,16Feb'19
680,fae4ae81.jpeg,05/17/19
681,fb075aff.jpeg,6/1/2013
682,fb075aff.jpeg,6/1/2013
683,fb360175.jpeg,No Date Found
684,fb5af2cc.jpeg,04/28/2019
685,fb5af2cc.jpeg,28-Apr-2019
686,fb7fb9d7.jpeg,No Date Found
687,fb835913.jpeg,07/Jun/2019
688,fb835913.jpeg,07/Jun/2019
689,fb939620.jpeg,06/16/2019
690,fc4067f4.jpeg,25-06-19
691,fc4ea984.jpeg,"Apr 10, 2019"
692,fc6c8af2.jpeg,No Date Found
693,fc8e3dde.jpeg,01/11/2019
694,fdaae374.jpeg,29-06-2018
695,fdaae374.jpeg,29-06-2018
696,fe41933a.jpeg,No Date Found
697,fecc3c48.jpeg,09/12/2012
698,fece09ba.jpeg,31/05/19
699,ff2f420c.jpeg,18-11-18
700,ff6b37aa.jpeg,10/21/2014
701,ff8e6691.jpeg,82/19/2763
702,ff8e6691.jpeg,6/19/2019
703,ffe2a9a0.jpeg,01/03/19
